Mysterious Team Bangladesh, DDos
Team Heroy, DDos
Ghost of Palestine, DDos
AnonGhost, DDos
BlackShieldCrew My, DDos
Ghost Clan, DDos
Anonymous Sudan, DDos
Team_Insane_Pakistan, DDos
Ganosec team, DDos
Team Azrael Angel of Death, DDos
Garnesia Team, DDos
Moroccan Black Cyber Army, DDos
Hackitivsm Indonesia, DDos
4 Exploitation, DDos
Gb Anon 17, DDos
Team_r70, DDos
Electronic Tiger Unit, DDos
YourAnonTI3x, DDos
Stucks Team, DDos
Hizbullah Cyb3r Team, DDos
StarsX Team, DDos
Cscrew, DDos
SynixCberCrimeMy, DDos
TYG Team, DDos
Eagle Cyber Crew, DDos
Ghost Clain Malaysia, DDos
1915Â Team, DDos
KillNet, DDos
Panoc Team, DDos
Sylhet Gang SG, DDos
Muslim Cyber Army, DDos
Anonymous Morocco, DDOs
Pakistanir Leet Hackres, DDos
Cyber Av3ngers, DDos
GhostSec, Hack
WeedSec, DDos
DragonForce Malaysia, [ddos, hack]
Storm 1133, hack
Cyb3r Drag0nz, ddos
End Sodoma, [ddos, hack]
Usersec, [ddos, hack]
Tengkorakcyber, DDos
Kalifah Cyer Crew, DDos
Skynet, DDos
Aceh, [DDos, Hack]
Boom Security, DDos
DevilAttacks, DDos
